{
    "bad_gateways": 835,
    "bad_requests": 180923,
    "cpu": 0,
    "credentials": [
        "router",
        "password"
    ],
    "droplets": 95,
    "host": "192.168.1.20:8080",
    "index": 0,
    "latency": {
        "50": 0.016471656,
        "75": 0.6837622005,
        "90": 27.150509342400003,
        "95": 29.897595184199993,
        "99": 30.19787954148,
        "samples": 1,
        "value": 5e-07
    },
    "log_counts": {
        "info": 92,
        "warn": 363539
    },
    "mem": 90076,
    "ms_since_last_registry_update": 1404,
    "num_cores": 4,
    "rate": [
        0.07552745017249157,
        0.1008922638563108,
        0.10873069051739413
    ],
    "requests": 1936822,
    "requests_per_sec": 0.07552745017249157,
    "responses_2xx": 1882171,
    "responses_3xx": 16647,
    "responses_4xx": 14805,
    "responses_5xx": 22106,
    "responses_xxx": 835,
    "start": "2014-09-08 15:23:08 +0000",
    "tags": {
        "component": {
            "CloudController": {
                "latency": {
                    "50": 0.011381801,
                    "75": 0.015296591,
                    "90": 0.023793478200000006,
                    "95": 0.04462564874999997,
                    "99": 2.07042243981,
                    "samples": 1,
                    "value": 5e-07
                },
                "rate": [
                    0.02040247454678861,
                    0.0234379479478752,
                    0.024739712624665226
                ],
                "requests": 32323,
                "responses_2xx": 20098,
                "responses_3xx": 48,
                "responses_4xx": 12151,
                "responses_5xx": 21,
                "responses_xxx": 5
            },
            "dea-0": {
                "latency": {
                    "50": 0.6822249625,
                    "75": 0.79300156925,
                    "90": 0.8464600102000001,
                    "95": 0.9487495294,
                    "99": 20.30986388735,
                    "samples": 1,
                    "value": 5e-07
                },
                "rate": [
                    0.0037833563874048004,
                    0.008769104816105034,
                    0.012666304925307943
                ],
                "requests": 9467,
                "responses_2xx": 6932,
                "responses_3xx": 0,
                "responses_4xx": 290,
                "responses_5xx": 2236,
                "responses_xxx": 9
            },
            "dea-1": {
                "latency": {
                    "50": 0.003406153,
                    "75": 0.004499622,
                    "90": 0.6375973353000002,
                    "95": 20.3359327091,
                    "99": 30.18334105244,
                    "samples": 1,
                    "value": 5e-07
                },
                "rate": [
                    0.005465486968955682,
                    0.013851510560486025,
                    0.014179116969058275
                ],
                "requests": 162843,
                "responses_2xx": 153930,
                "responses_3xx": 5226,
                "responses_4xx": 346,
                "responses_5xx": 3334,
                "responses_xxx": 7
            },
            "dea-2": {
                "latency": {
                    "50": 0.156456697,
                    "75": 25.403500531,
                    "90": 167.32683851260003,
                    "95": 300.00187538065,
                    "99": 300.0034976324,
                    "samples": 1,
                    "value": 5e-07
                },
                "rate": [
                    2.964393875e-314,
                    8.293051963871024e-151,
                    5.46797946640989e-52
                ],
                "requests": 8238,
                "responses_2xx": 6625,
                "responses_3xx": 670,
                "responses_4xx": 30,
                "responses_5xx": 725,
                "responses_xxx": 188
            },
            "dea-3": {
                "latency": {
                    "50": 34.9774208995,
                    "75": 40.28243800075,
                    "90": 45.9657845104,
                    "95": 48.76416094535,
                    "99": 54.01323668885002,
                    "samples": 1,
                    "value": 5e-07
                },
                "rate": [
                    6.330264224799289e-05,
                    0.0029694139990633795,
                    0.0059454944675155184
                ],
                "requests": 30109,
                "responses_2xx": 24120,
                "responses_3xx": 35,
                "responses_4xx": 165,
                "responses_5xx": 5746,
                "responses_xxx": 43
            },
            "dea-4": {
                "latency": {
                    "50": 0.003893291,
                    "75": 0.005363378,
                    "90": 0.13546197700000004,
                    "95": 0.6461904487499996,
                    "99": 20.312836994,
                    "samples": 1,
                    "value": 5e-07
                },
                "rate": [
                    2.2611381648219637e-05,
                    0.0016529298660532149,
                    0.003498231879930827
                ],
                "requests": 58435,
                "responses_2xx": 46545,
                "responses_3xx": 10214,
                "responses_4xx": 111,
                "responses_5xx": 1253,
                "responses_xxx": 312
            },
            "dea-5": {
                "latency": {
                    "50": 0.3001278215,
                    "75": 0.41096312275,
                    "90": 0.6086880822,
                    "95": 3.661836167149999,
                    "99": 10.31107027947001,
                    "samples": 1,
                    "value": 5e-07
                },
                "rate": [
                    2.0616523448907384e-10,
                    0.0001008786540543868,
                    0.0006522693418425141
                ],
                "requests": 329384,
                "responses_2xx": 328630,
                "responses_3xx": 78,
                "responses_4xx": 175,
                "responses_5xx": 398,
                "responses_xxx": 103
            },
            "dea-6": {
                "latency": {
                    "50": 0.845887823,
                    "75": 0.92185027675,
                    "90": 1.0284547879,
                    "95": 1.2264087548,
                    "99": 20.32042893897,
                    "samples": 1,
                    "value": 5e-07
                },
                "rate": [
                    0.014055458991482968,
                    0.01480233711696527,
                    0.01469959454760168
                ],
                "requests": 13479,
                "responses_2xx": 12075,
                "responses_3xx": 15,
                "responses_4xx": 214,
                "responses_5xx": 1174,
                "responses_xxx": 1
            },
            "dea-7": {
                "latency": {
                    "50": 0.0616347235,
                    "75": 0.078262541,
                    "90": 0.5015356504000004,
                    "95": 10.46560298035,
                    "99": 30.18748953302,
                    "samples": 1,
                    "value": 5e-07
                },
                "rate": [
                    0.012273029303111036,
                    0.016351614654874225,
                    0.014186792220173617
                ],
                "requests": 631103,
                "responses_2xx": 627545,
                "responses_3xx": 132,
                "responses_4xx": 705,
                "responses_5xx": 2697,
                "responses_xxx": 24
            },
            "dea-8": {
                "latency": {
                    "50": 16.1836449795,
                    "75": 23.05475201275,
                    "90": 31.7497528432,